Episode,Env,Steps,Reward
0,1,123,1.0
0,0,499,-0.0015625
0,1,499,-0.0015625
1,0,499,-0.0015625
1,1,499,-0.0015625
2,0,499,-0.0015625
2,1,499,-0.0015625
3,0,499,-0.0015625
3,1,499,-0.0015625
4,1,133,1.0
4,0,274,1.0
4,0,499,-0.0015625
4,1,499,-0.0015625
